ID,Age_ka,d18O,MgCa
"339-U1385D-15H-1,100-101",1236.62,,1.394
"339-U1385D-15H-1,119-120",1238.33,2.65,
"339-U1385D-15H-1,120-121",1238.43,2.75,
"339-U1385D-15H-1,121-122",1238.52,2.78,
"339-U1385D-15H-1,122-123",1238.62,2.78,
"339-U1385D-15H-1,123-124",1238.71,2.86,
"339-U1385D-15H-1,124-125",1238.81,2.77,
"339-U1385D-15H-1,125-126",1238.91,2.93,
"339-U1385D-15H-1,125-128",1238.91,,1.29
"339-U1385D-15H-1,126-127",1239,2.84,
"339-U1385D-15H-1,127-128",1239.1,2.85,
"339-U1385D-15H-1,128-129",1239.19,2.7,
"339-U1385D-15H-1,129-130",1239.29,2.58,
"339-U1385D-15H-1,130-131",1239.38,2.72,
"339-U1385D-15H-1,131-132",1239.48,2.33,
"339-U1385D-15H-1,131-132",1239.48,,1.269
"339-U1385D-15H-1,132-133",1239.57,2.76,
"339-U1385D-15H-1,133-134",1239.67,2.69,
"339-U1385D-15H-1,135-136",1239.86,2.63,
"339-U1385D-15H-1,136-137",1239.95,2.67,
"339-U1385D-15H-1,136-137",1239.95,,1.338
"339-U1385D-15H-1,137-138",1240.05,2.74,
"339-U1385D-15H-1,138-139",1240.14,2.69,
"339-U1385D-15H-1,139-140",1240.24,2.67,
"339-U1385D-15H-1,140-141",1240.33,2.76,
"339-U1385D-15H-1,140-141",1240.33,,1.206
"339-U1385D-15H-1,141-142",1240.43,2.65,
"339-U1385D-15H-1,142-143",1240.52,2.5,
"339-U1385D-15H-1,143-144",1240.52,2.73,
"339-U1385D-15H-1,145-146",1240.71,2.57,
"339-U1385D-15H-1,145-146",1240.71,,1.456
"339-U1385D-15H-1,146-147",1240.81,2.84,
"339-U1385D-15H-1,147-148",1240.9,2.84,
"339-U1385D-15H-1,148-149",1241,2.75,
"339-U1385D-15H-1,149-150",1241.13,2.78,
"339-U1385D-15H-1,150-151",1241.27,2.8,
"339-U1385D-15H-2,0-1",1241.4,2.72,
"339-U1385D-15H-2,0-1",1241.4,,1.322
"339-U1385D-15H-2,100-101",1254.65,,1.168
"339-U1385D-15H-2,10-11",1242.72,2.63,
"339-U1385D-15H-2,10-11",1242.72,,1.274
"339-U1385D-15H-2,101-102",1254.79,4.04,
"339-U1385D-15H-2,101-102",1254.79,,1.063
"339-U1385D-15H-2,101-102",1254.79,,1.064
"339-U1385D-15H-2,102-103",1254.92,4.07,
"339-U1385D-15H-2,103-104",1255.05,4.25,
"339-U1385D-15H-2,104-105",1255.18,4.1,
"339-U1385D-15H-2,105-106",1255.32,3.94,
"339-U1385D-15H-2,105-106",1255.32,,1.188
"339-U1385D-15H-2,106-107",1255.45,3.95,
"339-U1385D-15H-2,107-108",1255.58,4.17,
"339-U1385D-15H-2,108-109",1255.71,3.97,
"339-U1385D-15H-2,109-110",1255.85,4.11,
"339-U1385D-15H-2,110-111",1255.98,3.97,
"339-U1385D-15H-2,110-111",1255.98,,1.179
"339-U1385D-15H-2,111-112",1256.11,4.11,
"339-U1385D-15H-2,11-12",1242.86,2.59,
"339-U1385D-15H-2,112-113",1256.24,3.91,
"339-U1385D-15H-2,113-114",1256.38,3.94,
"339-U1385D-15H-2,114-115",1256.51,3.96,
"339-U1385D-15H-2,115-116",1256.64,3.91,
"339-U1385D-15H-2,115-116",1256.64,,1.067
"339-U1385D-15H-2,116-117",1256.77,4.13,
"339-U1385D-15H-2,117-118",1256.91,3.98,
"339-U1385D-15H-2,118-119",1257.04,3.92,
"339-U1385D-15H-2,119-120",1257.17,3.98,
"339-U1385D-15H-2,1-2",1241.53,2.73,
"339-U1385D-15H-2,120-121",1257.3,3.97,
"339-U1385D-15H-2,120-121",1257.3,,0.981
"339-U1385D-15H-2,121-122",1257.44,3.92,
"339-U1385D-15H-2,12-13",1242.99,2.64,
"339-U1385D-15H-2,122-123",1257.57,3.79,
"339-U1385D-15H-2,123-124",1257.7,4.09,
"339-U1385D-15H-2,124-125",1257.83,3.95,
"339-U1385D-15H-2,125-126",1257.97,4.14,
"339-U1385D-15H-2,125-126",1257.97,,1.057
"339-U1385D-15H-2,125-126",1257.97,,1.04
"339-U1385D-15H-2,126-127",1258.1,4.25,
"339-U1385D-15H-2,127-128",1258.23,4.39,
"339-U1385D-15H-2,128-129",1258.36,4.14,
"339-U1385D-15H-2,129-130",1258.5,4.16,
"339-U1385D-15H-2,130-131",1258.63,4.05,
"339-U1385D-15H-2,130-131",1258.63,,1.055
"339-U1385D-15H-2,131-132",1258.76,4.02,
"339-U1385D-15H-2,13-14",1243.12,2.69,
"339-U1385D-15H-2,132-133",1258.89,3.99,
"339-U1385D-15H-2,133-134",1259.03,3.9,
"339-U1385D-15H-2,134-135",1259.16,4,
"339-U1385D-15H-2,135-136",1259.29,3.89,
"339-U1385D-15H-2,135-136",1259.29,,0.983
"339-U1385D-15H-2,136-137",1259.42,3.85,
"339-U1385D-15H-2,137-138",1259.56,3.78,
"339-U1385D-15H-2,138-139",1259.69,3.66,
"339-U1385D-15H-2,139-140",1259.82,3.81,
"339-U1385D-15H-2,140-141",1259.95,3.78,
"339-U1385D-15H-2,140-141",1259.95,,1.153
"339-U1385D-15H-2,141-142",1260.09,3.82,
"339-U1385D-15H-2,14-15",1243.25,2.64,
"339-U1385D-15H-2,142-143",1260.22,3.68,
"339-U1385D-15H-2,143-144",1260.35,3.83,
"339-U1385D-15H-2,144-145",1260.48,3.84,
"339-U1385D-15H-2,145-146",1260.62,,1.063
"339-U1385D-15H-2,146-147",1260.75,3.88,
"339-U1385D-15H-2,147-148",1260.83,3.8,
"339-U1385D-15H-2,149-150",1260.98,3.81,
"339-U1385D-15H-2,151-152",1261.14,3.88,
"339-U1385D-15H-2,15-16",1243.39,2.47,
"339-U1385D-15H-2,15-16",1243.39,,1.339
"339-U1385D-15H-2,16-17",1243.52,2.65,
"339-U1385D-15H-2,17-18",1243.65,2.57,
"339-U1385D-15H-2,18-19",1243.78,2.57,
"339-U1385D-15H-2,19-20",1243.92,2.58,
"339-U1385D-15H-2,20-21",1244.05,2.62,
"339-U1385D-15H-2,20-21",1244.05,,1.245
"339-U1385D-15H-2,21-22",1244.18,2.62,
"339-U1385D-15H-2,22-23",1244.31,2.59,
"339-U1385D-15H-2,2-3",1241.66,2.68,
"339-U1385D-15H-2,23-24",1244.45,2.76,
"339-U1385D-15H-2,24-25",1244.58,2.6,
"339-U1385D-15H-2,25-26",1244.71,2.33,
"339-U1385D-15H-2,25-26",1244.71,,1.305
"339-U1385D-15H-2,26-27",1244.84,2.78,
"339-U1385D-15H-2,27-28",1244.98,2.52,
"339-U1385D-15H-2,28-29",1245.11,3.03,
"339-U1385D-15H-2,29-30",1245.24,2.93,
"339-U1385D-15H-2,30-31",1245.37,2.55,
"339-U1385D-15H-2,30-31",1245.37,,1.368
"339-U1385D-15H-2,31-32",1245.51,2.71,
"339-U1385D-15H-2,32-33",1245.64,2.55,
"339-U1385D-15H-2,33-34",1245.77,2.95,
"339-U1385D-15H-2,3-4",1241.8,2.78,
"339-U1385D-15H-2,34-35",1245.9,,1.404
"339-U1385D-15H-2,35-36",1246.04,2.73,
"339-U1385D-15H-2,35-36",1246.04,,1.469
"339-U1385D-15H-2,36-37",1246.17,3.03,
"339-U1385D-15H-2,37-38",1246.3,3.29,
"339-U1385D-15H-2,38-39",1246.43,3.25,
"339-U1385D-15H-2,39-40",1246.57,3.18,
"339-U1385D-15H-2,39-40",1246.57,,1.204
"339-U1385D-15H-2,41-42",1246.83,,1.24
"339-U1385D-15H-2,43-44",1247.1,3.72,
"339-U1385D-15H-2,44-45",1247.23,3.56,
"339-U1385D-15H-2,4-5",1241.93,2.77,
"339-U1385D-15H-2,45-46",1247.36,3.27,
"339-U1385D-15H-2,45-46",1247.36,,1.131
"339-U1385D-15H-2,46-47",1247.49,3.33,
"339-U1385D-15H-2,49-50",1247.89,3.83,
"339-U1385D-15H-2,50-51",1248.03,3.7,
"339-U1385D-15H-2,51-52",1248.16,,1.269
"339-U1385D-15H-2,55-56",1248.69,3.71,
"339-U1385D-15H-2,55-56",1248.69,,1.139
"339-U1385D-15H-2,5-6",1242.06,2.71,
"339-U1385D-15H-2,5-6",1242.06,,1.324
"339-U1385D-15H-2,5-6",1242.06,,1.271
"339-U1385D-15H-2,57-58",1248.95,3.88,
"339-U1385D-15H-2,59-60",1249.22,,1.144
"339-U1385D-15H-2,61-62",1249.48,,1.169
"339-U1385D-15H-2,62-63",1249.62,3.79,
"339-U1385D-15H-2,63-64",1249.75,3.93,
"339-U1385D-15H-2,64-65",1249.88,3.72,
"339-U1385D-15H-2,65-66",1250.01,3.88,
"339-U1385D-15H-2,65-66",1250.01,,1.106
"339-U1385D-15H-2,66-67",1250.15,3.82,
"339-U1385D-15H-2,6-7",1242.19,2.71,
"339-U1385D-15H-2,69-70",1250.54,3.79,
"339-U1385D-15H-2,70-71",1250.68,3.8,
"339-U1385D-15H-2,70-71",1250.68,,1.115
"339-U1385D-15H-2,71-72",1250.81,3.9,
"339-U1385D-15H-2,73-74",1251.07,3.99,
"339-U1385D-15H-2,74-75",1251.21,3.99,
"339-U1385D-15H-2,76-77",1251.47,3.95,
"339-U1385D-15H-2,76-77",1251.47,,1.196
"339-U1385D-15H-2,7-8",1242.33,2.8,
"339-U1385D-15H-2,78-79",1251.74,3.79,
"339-U1385D-15H-2,79-80",1251.87,3.89,
"339-U1385D-15H-2,80-81",1252,3.92,
"339-U1385D-15H-2,80-81",1252,,1.197
"339-U1385D-15H-2,81-82",1252.13,3.92,
"339-U1385D-15H-2,82-83",1252.27,4.08,
"339-U1385D-15H-2,83-84",1252.4,4.1,
"339-U1385D-15H-2,84-85",1252.53,3.99,
"339-U1385D-15H-2,85-86",1252.66,4.1,
"339-U1385D-15H-2,85-86",1252.66,,0.993
"339-U1385D-15H-2,86-87",1252.8,4.13,
"339-U1385D-15H-2,87-88",1252.93,4.14,
"339-U1385D-15H-2,88-89",1253.06,4.05,
"339-U1385D-15H-2,8-9",1242.46,2.68,
"339-U1385D-15H-2,89-90",1253.19,4.06,
"339-U1385D-15H-2,90-91",1253.33,4.06,
"339-U1385D-15H-2,90-91",1253.33,,1.082
"339-U1385D-15H-2,9-10",1242.59,2.54,
"339-U1385D-15H-2,91-92",1253.46,4.2,
"339-U1385D-15H-2,92-93",1253.59,4.13,
"339-U1385D-15H-2,93-94",1253.72,4.27,
"339-U1385D-15H-2,94-95",1253.86,4.22,
"339-U1385D-15H-2,95-96",1253.99,4.09,
"339-U1385D-15H-2,95-96",1253.99,,1.148
"339-U1385D-15H-2,95-96",1253.99,,1.101
"339-U1385D-15H-2,95-96",1253.99,,1.081
"339-U1385D-15H-2,96-97",1254.12,4.09,
"339-U1385D-15H-2,97-98",1254.26,3.99,
"339-U1385D-15H-2,98-99",1254.39,4.15,
"339-U1385D-15H-2,99-100",1254.52,3.97,
"339-U1385D-15H-3,0-1",1261.29,3.9,
"339-U1385D-15H-3,0-1",1261.29,,1.078
"339-U1385D-15H-3,100-101",1269.05,3.24,
"339-U1385D-15H-3,100-101",1269.05,,1.298
"339-U1385D-15H-3,10-11",1262.07,3.7,
"339-U1385D-15H-3,10-11",1262.07,,1.001
"339-U1385D-15H-3,101-102",1269.13,3.29,
"339-U1385D-15H-3,102-103",1269.21,3.11,
"339-U1385D-15H-3,103-104",1269.28,3.25,
"339-U1385D-15H-3,106-107",1269.52,3.05,
"339-U1385D-15H-3,107-108",1269.59,3.21,
"339-U1385D-15H-3,108-109",1269.67,3.33,
"339-U1385D-15H-3,109-110",1269.75,3.24,
"339-U1385D-15H-3,110-111",1269.83,3.04,
"339-U1385D-15H-3,111-112",1269.91,3.41,
"339-U1385D-15H-3,111-112",1269.91,,1.157
"339-U1385D-15H-3,11-12",1262.15,3.6,
"339-U1385D-15H-3,115-116",1270.22,3.28,
"339-U1385D-15H-3,117-118",1270.37,3.18,
"339-U1385D-15H-3,118-119",1270.45,3.2,
"339-U1385D-15H-3,119-120",1270.53,3.19,
"339-U1385D-15H-3,1-2",1261.37,3.8,
"339-U1385D-15H-3,120-121",1270.6,3.09,
"339-U1385D-15H-3,120-121",1270.6,,1.291
"339-U1385D-15H-3,12-13",1262.22,3.47,
"339-U1385D-15H-3,122-123",1270.76,3.42,
"339-U1385D-15H-3,124-125",1270.91,3.46,
"339-U1385D-15H-3,125-126",1270.99,3.42,
"339-U1385D-15H-3,127-128",1271.15,3.51,
"339-U1385D-15H-3,128-129",1271.22,3.55,
"339-U1385D-15H-3,129-130",1271.3,3.53,
"339-U1385D-15H-3,129-130",1271.3,,1.16
"339-U1385D-15H-3,130-131",1271.38,3.37,
"339-U1385D-15H-3,131-132",1271.46,3.43,
"339-U1385D-15H-3,13-14",1262.3,3.54,
"339-U1385D-15H-3,132-133",1271.53,3.44,
"339-U1385D-15H-3,133-134",1271.61,3.17,
"339-U1385D-15H-3,135-136",1271.77,3.01,
"339-U1385D-15H-3,137-138",1271.92,3.38,
"339-U1385D-15H-3,139-140",1272.08,3.43,
"339-U1385D-15H-3,141-142",1272.23,3.26,
"339-U1385D-15H-3,141-142",1272.23,,1.262
"339-U1385D-15H-3,14-15",1262.38,3.51,
"339-U1385D-15H-3,142-143",1272.31,3.07,
"339-U1385D-15H-3,144-145",1272.47,3.14,
"339-U1385D-15H-3,146-147",1272.62,3.43,
"339-U1385D-15H-3,147-148",1272.7,3.4,
"339-U1385D-15H-3,148-149",1272.78,3.13,
"339-U1385D-15H-3,149-150",1272.85,3.36,
"339-U1385D-15H-3,150-151",1272.93,3.35,
"339-U1385D-15H-3,151-152",1273.01,3.25,
"339-U1385D-15H-3,15-16",1262.46,3.42,
"339-U1385D-15H-3,16-17",1262.53,3.61,
"339-U1385D-15H-3,17-18",1262.61,3.61,
"339-U1385D-15H-3,18-19",1262.69,3.61,
"339-U1385D-15H-3,19-20",1262.77,3.43,
"339-U1385D-15H-3,20-21",1262.84,3.44,
"339-U1385D-15H-3,21-22",1262.92,3.08,
"339-U1385D-15H-3,22-23",1263,3.51,
"339-U1385D-15H-3,22-23",1263,,0.998
"339-U1385D-15H-3,22-23",1263,,1.106
"339-U1385D-15H-3,2-3",1261.45,3.82,
"339-U1385D-15H-3,23-24",1263.08,3.48,
"339-U1385D-15H-3,24-25",1263.16,3.64,
"339-U1385D-15H-3,25-26",1263.23,3.68,
"339-U1385D-15H-3,26-27",1263.31,3.73,
"339-U1385D-15H-3,27-28",1263.39,3.64,
"339-U1385D-15H-3,28-29",1263.47,3.65,
"339-U1385D-15H-3,29-30",1263.54,3.72,
"339-U1385D-15H-3,30-31",1263.62,3.69,
"339-U1385D-15H-3,30-31",1263.62,,1.158
"339-U1385D-15H-3,31-32",1263.7,3.62,
"339-U1385D-15H-3,32-33",1263.78,3.68,
"339-U1385D-15H-3,33-34",1263.85,3.62,
"339-U1385D-15H-3,3-4",1261.53,3.86,
"339-U1385D-15H-3,34-35",1263.93,3.74,
"339-U1385D-15H-3,35-36",1264.01,3.67,
"339-U1385D-15H-3,36-37",1264.09,3.6,
"339-U1385D-15H-3,37-38",1264.16,3.14,
"339-U1385D-15H-3,38-39",1264.24,3.82,
"339-U1385D-15H-3,39-40",1264.32,3.56,
"339-U1385D-15H-3,40-41",1264.4,3.54,
"339-U1385D-15H-3,40-41",1264.4,,1.163
"339-U1385D-15H-3,41-42",1264.47,3.66,
"339-U1385D-15H-3,42-43",1264.55,3.63,
"339-U1385D-15H-3,43-44",1264.63,3.64,
"339-U1385D-15H-3,44-45",1264.71,3.52,
"339-U1385D-15H-3,4-5",1261.6,3.8,
"339-U1385D-15H-3,45-46",1264.78,3.73,
"339-U1385D-15H-3,46-47",1264.86,3.62,
"339-U1385D-15H-3,47-48",1264.94,3.58,
"339-U1385D-15H-3,49-50",1265.09,3.79,
"339-U1385D-15H-3,50-51",1265.17,3.65,
"339-U1385D-15H-3,50-51",1265.17,,1.4
"339-U1385D-15H-3,51-52",1265.25,3.65,
"339-U1385D-15H-3,52-53",1265.33,3.46,
"339-U1385D-15H-3,53-54",1265.41,3.58,
"339-U1385D-15H-3,5-6",1261.68,3.69,
"339-U1385D-15H-3,56-57",1265.64,3.54,
"339-U1385D-15H-3,57-58",1265.72,3.43,
"339-U1385D-15H-3,58-59",1265.79,3.53,
"339-U1385D-15H-3,59-60",1265.87,3.75,
"339-U1385D-15H-3,60-61",1265.95,3.43,
"339-U1385D-15H-3,60-61",1265.95,,1.123
"339-U1385D-15H-3,61-62",1266.03,3.64,
"339-U1385D-15H-3,61-62",1266.03,,1.109
"339-U1385D-15H-3,62-63",1266.1,3.5,
"339-U1385D-15H-3,63-64",1266.18,3.74,
"339-U1385D-15H-3,64-65",1266.26,3.66,
"339-U1385D-15H-3,65-66",1266.34,3.42,
"339-U1385D-15H-3,66-67",1266.41,3.51,
"339-U1385D-15H-3,6-7",1261.76,3.76,
"339-U1385D-15H-3,70-71",1266.72,3.49,
"339-U1385D-15H-3,70-71",1266.72,,1.092
"339-U1385D-15H-3,71-72",1266.8,3.62,
"339-U1385D-15H-3,71-72",1266.8,,1.157
"339-U1385D-15H-3,72-73",1266.88,3.68,
"339-U1385D-15H-3,73-74",1266.96,3.59,
"339-U1385D-15H-3,74-75",1267.03,3.64,
"339-U1385D-15H-3,75-76",1267.11,3.67,
"339-U1385D-15H-3,76-77",1267.19,3.36,
"339-U1385D-15H-3,77-78",1267.27,3.68,
"339-U1385D-15H-3,7-8",1261.84,3.69,
"339-U1385D-15H-3,78-79",1267.34,3.62,
"339-U1385D-15H-3,79-80",1267.42,3.65,
"339-U1385D-15H-3,80-81",1267.5,3.53,
"339-U1385D-15H-3,80-81",1267.5,,1.171
"339-U1385D-15H-3,80-81",1267.5,,1.11
"339-U1385D-15H-3,81-82",1267.58,3.6,
"339-U1385D-15H-3,82-83",1267.66,3.44,
"339-U1385D-15H-3,83-84",1267.73,3.55,
"339-U1385D-15H-3,84-85",1267.81,3.58,
"339-U1385D-15H-3,85-86",1267.89,3.53,
"339-U1385D-15H-3,86-87",1267.97,3.54,
"339-U1385D-15H-3,87-88",1268.04,3.35,
"339-U1385D-15H-3,88-89",1268.12,3.39,
"339-U1385D-15H-3,8-9",1261.91,3.74,
"339-U1385D-15H-3,89-90",1268.2,3.52,
"339-U1385D-15H-3,90-91",1268.28,3.35,
"339-U1385D-15H-3,90-91",1268.28,,1.384
"339-U1385D-15H-3,9-10",1261.99,3.64,
"339-U1385D-15H-3,91-92",1268.35,3.51,
"339-U1385D-15H-3,92-93",1268.43,3.47,
"339-U1385D-15H-3,93-94",1268.51,3.38,
"339-U1385D-15H-3,95-96",1268.66,3.27,
"339-U1385D-15H-3,96-97",1268.74,3.47,
"339-U1385D-15H-3,97-98",1268.82,3.36,
"339-U1385D-15H-3,99-100",1268.97,3.14,
"339-U1385D-15H-4,0-1",1273.16,3.19,
"339-U1385D-15H-4,100-101",1280.92,,1.301
"339-U1385D-15H-4,10-11",1273.94,3.32,
"339-U1385D-15H-4,10-11",1273.94,,1.102
"339-U1385D-15H-4,101-102",1281,3.15,
"339-U1385D-15H-4,102-103",1281.13,2.97,
"339-U1385D-15H-4,103-104",1281.25,2.92,
"339-U1385D-15H-4,104-105",1281.38,2.84,
"339-U1385D-15H-4,105-106",1281.51,2.96,
"339-U1385D-15H-4,106-107",1281.63,3.11,
"339-U1385D-15H-4,108-109",1281.89,3.14,
"339-U1385D-15H-4,109-110",1282.01,2.91,
"339-U1385D-15H-4,110-111",1282.14,3.17,
"339-U1385D-15H-4,111-112",1282.27,3.04,
"339-U1385D-15H-4,112-113",1282.4,3.15,
"339-U1385D-15H-4,113-114",1282.52,3.08,
"339-U1385D-15H-4,114-115",1282.65,3.24,
"339-U1385D-15H-4,115-116",1282.78,2.88,
"339-U1385D-15H-4,115-116",1282.78,,1.337
"339-U1385D-15H-4,116-117",1282.9,2.99,
"339-U1385D-15H-4,117-118",1283.03,2.87,
"339-U1385D-15H-4,118-119",1283.16,2.96,
"339-U1385D-15H-4,119-120",1283.28,3.21,
"339-U1385D-15H-4,1-2",1273.24,,1.122
"339-U1385D-15H-4,120-121",1283.41,3.03,
"339-U1385D-15H-4,120-121",1283.41,,1.401
"339-U1385D-15H-4,121-122",1283.54,3.05,
"339-U1385D-15H-4,122-123",1283.66,3.05,
"339-U1385D-15H-4,123-124",1283.79,3.2,
"339-U1385D-15H-4,124-125",1283.92,3.1,
"339-U1385D-15H-4,125-126",1284.04,3.19,
"339-U1385D-15H-4,125-126",1284.04,,1.405
"339-U1385D-15H-4,126-127",1284.17,3.24,
"339-U1385D-15H-4,127-128",1284.3,2.99,
"339-U1385D-15H-4,128-129",1284.42,2.98,
"339-U1385D-15H-4,129-130",1284.55,3.06,
"339-U1385D-15H-4,130-131",1284.68,3.13,
"339-U1385D-15H-4,130-131",1284.68,,1.292
"339-U1385D-15H-4,131-132",1284.81,3.34,
"339-U1385D-15H-4,13-14",1274.17,2.91,
"339-U1385D-15H-4,132-133",1284.93,3.05,
"339-U1385D-15H-4,133-134",1285.06,3.1,
"339-U1385D-15H-4,134-135",1285.19,3.04,
"339-U1385D-15H-4,135-136",1285.31,2.85,
"339-U1385D-15H-4,135-136",1285.31,,1.155
"339-U1385D-15H-4,136-137",1285.44,2.97,
"339-U1385D-15H-4,137-138",1285.57,3.08,
"339-U1385D-15H-4,138-139",1285.69,3.19,
"339-U1385D-15H-4,139-140",1285.82,3.29,
"339-U1385D-15H-4,140-141",1285.95,2.92,
"339-U1385D-15H-4,140-141",1285.95,,1.087
"339-U1385D-15H-4,141-142",1286.07,3.27,
"339-U1385D-15H-4,14-15",1274.25,3.16,
"339-U1385D-15H-4,142-143",1286.2,3.3,
"339-U1385D-15H-4,143-144",1286.33,3.4,
"339-U1385D-15H-4,144-145",1286.45,3.23,
"339-U1385D-15H-4,145-146",1286.58,3.22,
"339-U1385D-15H-4,145-146",1286.58,,1.192
"339-U1385D-15H-4,146-147",1286.71,3.18,
"339-U1385D-15H-4,147-148",1286.83,3.56,
"339-U1385D-15H-4,148-149",1286.96,3.39,
"339-U1385D-15H-4,149-150",1287.09,3.36,
"339-U1385D-15H-4,150-151",1287.22,3.55,
"339-U1385D-15H-4,151-152",1287.34,3.55,
"339-U1385D-15H-4,15-16",1274.33,3.3,
"339-U1385D-15H-4,16-17",1274.41,3.23,
"339-U1385D-15H-4,18-19",1274.56,3.04,
"339-U1385D-15H-4,19-20",1274.64,3.14,
"339-U1385D-15H-4,20-21",1274.72,,1.486
"339-U1385D-15H-4,21-22",1274.79,3.01,
"339-U1385D-15H-4,2-3",1273.32,3.31,
"339-U1385D-15H-4,25-26",1275.1,3.08,
"339-U1385D-15H-4,27-28",1275.26,3.23,
"339-U1385D-15H-4,28-29",1275.34,3.19,
"339-U1385D-15H-4,29-30",1275.41,3.28,
"339-U1385D-15H-4,30-31",1275.49,3.11,
"339-U1385D-15H-4,31-32",1275.57,2.86,
"339-U1385D-15H-4,31-32",1275.57,,1.209
"339-U1385D-15H-4,32-33",1275.65,3.12,
"339-U1385D-15H-4,33-34",1275.72,3.08,
"339-U1385D-15H-4,3-4",1273.4,3.36,
"339-U1385D-15H-4,36-37",1275.96,3.04,
"339-U1385D-15H-4,39-40",1276.19,3.19,
"339-U1385D-15H-4,40-41",1276.27,3,
"339-U1385D-15H-4,41-42",1276.34,2.98,
"339-U1385D-15H-4,41-42",1276.34,,1.424
"339-U1385D-15H-4,42-43",1276.42,2.93,
"339-U1385D-15H-4,4-5",1273.47,3.24,
"339-U1385D-15H-4,48-49",1276.89,2.72,
"339-U1385D-15H-4,51-52",1277.12,3.03,
"339-U1385D-15H-4,51-52",1277.12,,1.179
"339-U1385D-15H-4,52-53",1277.2,3.06,
"339-U1385D-15H-4,53-54",1277.28,3.11,
"339-U1385D-15H-4,54-55",1277.35,2.96,
"339-U1385D-15H-4,5-6",1273.55,3.12,
"339-U1385D-15H-4,58-59",1277.66,3.12,
"339-U1385D-15H-4,59-60",1277.74,2.85,
"339-U1385D-15H-4,59-60",1277.74,,1.2
"339-U1385D-15H-4,60-61",1277.82,3.11,
"339-U1385D-15H-4,62-63",1277.97,3.09,
"339-U1385D-15H-4,62-63",1277.97,,1.206
"339-U1385D-15H-4,65-66",1278.21,2.98,
"339-U1385D-15H-4,6-7",1273.63,3.28,
"339-U1385D-15H-4,67-68",1278.36,3.09,
"339-U1385D-15H-4,69-70",1278.52,3.03,
"339-U1385D-15H-4,70-71",1278.59,2.84,
"339-U1385D-15H-4,71-72",1278.67,3.1,
"339-U1385D-15H-4,71-72",1278.67,,1.344
"339-U1385D-15H-4,72-73",1278.75,2.98,
"339-U1385D-15H-4,73-74",1278.83,3.14,
"339-U1385D-15H-4,75-76",1278.98,3.11,
"339-U1385D-15H-4,76-77",1279.06,3,
"339-U1385D-15H-4,77-78",1279.14,3.31,
"339-U1385D-15H-4,7-8",1273.71,3.2,
"339-U1385D-15H-4,78-79",1279.22,2.23,
"339-U1385D-15H-4,79-80",1279.29,3.21,
"339-U1385D-15H-4,80-81",1279.37,3.15,
"339-U1385D-15H-4,81-82",1279.45,3.01,
"339-U1385D-15H-4,81-82",1279.45,,1.351
"339-U1385D-15H-4,82-83",1279.53,3.09,
"339-U1385D-15H-4,83-84",1279.6,3.08,
"339-U1385D-15H-4,84-85",1279.68,3.13,
"339-U1385D-15H-4,85-86",1279.76,3.12,
"339-U1385D-15H-4,86-87",1279.84,3.08,
"339-U1385D-15H-4,87-88",1279.91,3.21,
"339-U1385D-15H-4,88-89",1279.99,3.25,
"339-U1385D-15H-4,8-9",1273.78,3.04,
"339-U1385D-15H-4,89-90",1280.07,3.19,
"339-U1385D-15H-4,90-91",1280.15,2.91,
"339-U1385D-15H-4,90-91",1280.15,,1.341
"339-U1385D-15H-4,91-92",1280.22,3.16,
"339-U1385D-15H-4,92-93",1280.3,3.09,
"339-U1385D-15H-4,93-94",1280.38,3.22,
"339-U1385D-15H-4,94-95",1280.46,3.17,
"339-U1385D-15H-4,95-96",1280.53,2.49,
"339-U1385D-15H-4,96-97",1280.61,3.05,
"339-U1385D-15H-4,97-98",1280.69,2.86,
"339-U1385D-15H-4,98-99",1280.77,2.99,
"339-U1385D-15H-4,99-100",1280.84,3.08,
"339-U1385D-15H-5,0-1",1287.47,3.43,
"339-U1385D-15H-5,0-1",1287.47,,1.067
"339-U1385D-15H-5,100-101",1299.24,3.74,
"339-U1385D-15H-5,100-101",1299.24,,0.991
"339-U1385D-15H-5,10-11",1288.74,3.48,
"339-U1385D-15H-5,10-11",1288.74,,1.121
"339-U1385D-15H-5,101-102",1299.3,3.62,
"339-U1385D-15H-5,102-103",1299.37,3.82,
"339-U1385D-15H-5,103-104",1299.44,3.67,
"339-U1385D-15H-5,104-105",1299.5,3.78,
"339-U1385D-15H-5,105-106",1299.57,3.82,
"339-U1385D-15H-5,106-107",1299.63,3.55,
"339-U1385D-15H-5,107-108",1299.7,3.57,
"339-U1385D-15H-5,109-110",1299.83,3.56,
"339-U1385D-15H-5,109-112",1299.9,,1.097
"339-U1385D-15H-5,110-111",1299.9,3.71,
"339-U1385D-15H-5,111-112",1299.96,3.18,
"339-U1385D-15H-5,11-12",1288.86,3.78,
"339-U1385D-15H-5,112-113",1300.03,3.63,
"339-U1385D-15H-5,113-114",1300.1,3.7,
"339-U1385D-15H-5,114-115",1300.16,3.64,
"339-U1385D-15H-5,115-116",1300.23,3.35,
"339-U1385D-15H-5,116-117",1300.29,3.63,
"339-U1385D-15H-5,117-118",1300.36,3.33,
"339-U1385D-15H-5,118-119",1300.43,3.5,
"339-U1385D-15H-5,119-120",1300.49,3.59,
"339-U1385D-15H-5,1-2",1287.6,3.49,
"339-U1385D-15H-5,120-121",1300.56,3.63,
"339-U1385D-15H-5,121-122",1300.62,3.78,
"339-U1385D-15H-5,12-13",1288.99,3.29,
"339-U1385D-15H-5,122-123",1300.69,3.45,
"339-U1385D-15H-5,123-124",1300.76,3.76,
"339-U1385D-15H-5,124-125",1300.82,3.58,
"339-U1385D-15H-5,125-126",1300.89,3.46,
"339-U1385D-15H-5,126-127",1300.95,3.64,
"339-U1385D-15H-5,127-128",1301.02,3.41,
"339-U1385D-15H-5,128-129",1301.08,3.48,
"339-U1385D-15H-5,129-130",1301.15,3.58,
"339-U1385D-15H-5,130-131",1301.22,3.64,
"339-U1385D-15H-5,130-131",1301.22,,0.969
"339-U1385D-15H-5,131-132",1301.28,3.64,
"339-U1385D-15H-5,13-14",1289.12,3.39,
"339-U1385D-15H-5,132-133",1301.35,3.66,
"339-U1385D-15H-5,133-134",1301.41,3.47,
"339-U1385D-15H-5,134-135",1301.48,3.2,
"339-U1385D-15H-5,135-136",1301.55,3.4,
"339-U1385D-15H-5,136-137",1301.61,3.59,
"339-U1385D-15H-5,137-138",1301.68,3.43,
"339-U1385D-15H-5,139-140",1301.81,3.26,
"339-U1385D-15H-5,139-140",1301.81,,1.156
"339-U1385D-15H-5,140-141",1301.88,3.72,
"339-U1385D-15H-5,141-142",1301.94,3.38,
"339-U1385D-15H-5,14-15",1289.24,3.41,
"339-U1385D-15H-5,142-143",1302.01,3.22,
"339-U1385D-15H-5,143-144",1302.07,3.32,
"339-U1385D-15H-5,144-145",1302.14,3.4,
"339-U1385D-15H-5,145-146",1302.21,3.31,
"339-U1385D-15H-5,146-147",1302.27,3.5,
"339-U1385D-15H-5,147-148",1302.34,3.45,
"339-U1385D-15H-5,149-150",1302.47,3.33,
"339-U1385D-15H-5,150-151",1302.54,3.83,
"339-U1385D-15H-5,16-17",1289.5,3.32,
"339-U1385D-15H-5,16-17",1289.5,,1.333
"339-U1385D-15H-5,19-20",1289.88,3.34,
"339-U1385D-15H-5,20-21",1290.01,3.56,
"339-U1385D-15H-5,20-21",1290.01,,1.216
"339-U1385D-15H-5,21-22",1290.13,3.74,
"339-U1385D-15H-5,22-23",1290.26,3.5,
"339-U1385D-15H-5,2-3",1287.72,3.69,
"339-U1385D-15H-5,23-24",1290.39,3.24,
"339-U1385D-15H-5,25-26",1290.64,3.45,
"339-U1385D-15H-5,25-26",1290.64,,1.222
"339-U1385D-15H-5,27-28",1290.89,3.48,
"339-U1385D-15H-5,30-31",1291.27,3.66,
"339-U1385D-15H-5,30-31",1291.27,,1.086
"339-U1385D-15H-5,31-32",1291.4,3.53,
"339-U1385D-15H-5,33-34",1291.65,3.54,
"339-U1385D-15H-5,3-4",1287.85,3.52,
"339-U1385D-15H-5,34-35",1291.78,3.56,
"339-U1385D-15H-5,35-36",1291.91,3.58,
"339-U1385D-15H-5,35-36",1291.91,,1.14
"339-U1385D-15H-5,37-38",1292.16,3.59,
"339-U1385D-15H-5,38-39",1292.29,3.49,
"339-U1385D-15H-5,39-40",1292.42,3.62,
"339-U1385D-15H-5,40-41",1292.54,3.59,
"339-U1385D-15H-5,40-41",1292.54,,1.211
"339-U1385D-15H-5,41-42",1292.67,3.74,
"339-U1385D-15H-5,42-43",1292.8,3.58,
"339-U1385D-15H-5,43-44",1292.92,3.64,
"339-U1385D-15H-5,44-45",1293.05,3.52,
"339-U1385D-15H-5,4-5",1287.98,3.65,
"339-U1385D-15H-5,46-47",1293.3,3.61,
"339-U1385D-15H-5,46-47",1293.3,,1.071
"339-U1385D-15H-5,47-48",1293.43,3.36,
"339-U1385D-15H-5,48-49",1293.56,3.55,
"339-U1385D-15H-5,49-50",1293.68,3.38,
"339-U1385D-15H-5,50-51",1293.81,3.47,
"339-U1385D-15H-5,50-51",1293.81,,1.092
"339-U1385D-15H-5,51-52",1293.94,3.77,
"339-U1385D-15H-5,52-53",1294.06,3.61,
"339-U1385D-15H-5,53-54",1294.19,3.65,
"339-U1385D-15H-5,54-55",1294.32,3.8,
"339-U1385D-15H-5,55-56",1294.44,3.81,
"339-U1385D-15H-5,55-56",1294.44,,0.993
"339-U1385D-15H-5,55-56",1294.44,,1.035
"339-U1385D-15H-5,5-6",1288.1,3.63,
"339-U1385D-15H-5,5-6",1288.1,,1.148
"339-U1385D-15H-5,5-6",1288.1,,1.139
"339-U1385D-15H-5,5-6",1288.1,,1.16
"339-U1385D-15H-5,56-57",1294.57,3.42,
"339-U1385D-15H-5,57-58",1294.7,3.68,
"339-U1385D-15H-5,58-59",1294.83,3.43,
"339-U1385D-15H-5,59-60",1294.95,3.75,
"339-U1385D-15H-5,60-61",1295.08,3.84,
"339-U1385D-15H-5,60-61",1295.08,,1.047
"339-U1385D-15H-5,61-62",1295.21,3.89,
"339-U1385D-15H-5,63-64",1295.46,3.79,
"339-U1385D-15H-5,64-65",1295.59,3.96,
"339-U1385D-15H-5,65-66",1295.71,3.71,
"339-U1385D-15H-5,66-67",1295.84,3.74,
"339-U1385D-15H-5,66-67",1295.84,,0.919
"339-U1385D-15H-5,6-7",1288.23,3.65,
"339-U1385D-15H-5,67-68",1295.97,3.83,
"339-U1385D-15H-5,68-69",1296.09,3.76,
"339-U1385D-15H-5,69-70",1296.22,3.83,
"339-U1385D-15H-5,70-71",1296.35,3.68,
"339-U1385D-15H-5,70-71",1296.35,,1.103
"339-U1385D-15H-5,71-72",1296.47,3.8,
"339-U1385D-15H-5,72-73",1296.6,3.74,
"339-U1385D-15H-5,73-74",1296.73,3.73,
"339-U1385D-15H-5,74-75",1296.85,3.68,
"339-U1385D-15H-5,76-77",1297.11,3.82,
"339-U1385D-15H-5,76-77",1297.11,,1.112
"339-U1385D-15H-5,76-77",1297.11,,1.118
"339-U1385D-15H-5,77-78",1297.24,3.78,
"339-U1385D-15H-5,7-8",1288.36,3.55,
"339-U1385D-15H-5,78-79",1297.36,3.7,
"339-U1385D-15H-5,80-81",1297.62,3.73,
"339-U1385D-15H-5,80-81",1297.62,,1.119
"339-U1385D-15H-5,81-82",1297.74,3.6,
"339-U1385D-15H-5,83-84",1298,3.63,
"339-U1385D-15H-5,84-85",1298.12,3.65,
"339-U1385D-15H-5,85-86",1298.25,3.6,
"339-U1385D-15H-5,85-86",1298.25,,0.993
"339-U1385D-15H-5,85-86",1298.25,,1.044
"339-U1385D-15H-5,85-86",1298.25,,1.025
"339-U1385D-15H-5,87-88",1298.38,3.61,
"339-U1385D-15H-5,88-89",1298.45,3.82,
"339-U1385D-15H-5,89-90",1298.51,3.38,
"339-U1385D-15H-5,90-91",1298.58,3.71,
"339-U1385D-15H-5,90-91",1298.58,,1.401
"339-U1385D-15H-5,9-10",1288.61,3.44,
"339-U1385D-15H-5,91-92",1298.65,3.78,
"339-U1385D-15H-5,92-93",1298.71,3.7,
"339-U1385D-15H-5,93-94",1298.78,3.82,
"339-U1385D-15H-5,94-95",1298.84,3.92,
"339-U1385D-15H-5,95-96",1298.91,,0.986
"339-U1385D-15H-5,96-97",1298.98,3.88,
"339-U1385D-15H-5,97-98",1299.04,3.93,
"339-U1385D-15H-6,0-1",1302.73,3.76,
"339-U1385D-15H-6,11-12",1303.46,3.47,
"339-U1385D-15H-6,1-2",1302.8,3.76,
"339-U1385D-15H-6,12-13",1303.52,3.54,
"339-U1385D-15H-6,13-14",1303.59,3.64,
"339-U1385D-15H-6,14-15",1303.66,3.54,
"339-U1385D-15H-6,15-16",1303.72,3.42,
"339-U1385D-15H-6,16-17",1303.79,3.59,
"339-U1385D-15H-6,18-19",1303.92,3.54,
"339-U1385D-15H-6,19-20",1303.99,3.57,
"339-U1385D-15H-6,20-21",1304.05,3.95,
"339-U1385D-15H-6,20-21",1303.99,,1.14
"339-U1385D-15H-6,21-22",1304.12,3.55,
"339-U1385D-15H-6,2-3",1302.86,3.57,
"339-U1385D-15H-6,23-24",1304.25,3.69,
"339-U1385D-15H-6,25-26",1304.32,3.55,
"339-U1385D-15H-6,27-28",1304.45,3.39,
"339-U1385D-15H-6,28-29",1304.45,3.7,
"339-U1385D-15H-6,29-30",1304.51,3.57,
"339-U1385D-15H-6,30-31",1304.58,3.59,
"339-U1385D-15H-6,31-32",1304.64,3.58,
"339-U1385D-15H-6,32-33",1304.64,3.73,
"339-U1385D-15H-6,33-34",1304.71,3.76,
"339-U1385D-15H-6,3-4",1302.93,3.66,
"339-U1385D-15H-6,34-35",1304.78,3.65,
"339-U1385D-15H-6,35-36",1304.78,3.9,
"339-U1385D-15H-6,36-37",1304.84,3.75,
"339-U1385D-15H-6,37-38",1304.91,3.47,
"339-U1385D-15H-6,38-39",1304.97,3.58,
"339-U1385D-15H-6,39-40",1304.97,3.61,
"339-U1385D-15H-6,40-41",1305.04,3.5,
"339-U1385D-15H-6,40-41",1304.97,,1.036
"339-U1385D-15H-6,40-41",1305.04,,1.224
"339-U1385D-15H-6,41-42",1305.11,3.32,
"339-U1385D-15H-6,43-44",1305.17,3.5,
"339-U1385D-15H-6,44-45",1305.24,3.56,
"339-U1385D-15H-6,4-5",1303,3.65,
"339-U1385D-15H-6,45-46",1305.3,3.59,
"339-U1385D-15H-6,46-47",1305.3,3.62,
"339-U1385D-15H-6,47-48",1305.37,3.59,
"339-U1385D-15H-6,48-49",1305.44,3.4,
"339-U1385D-15H-6,49-50",1305.5,3.09,
"339-U1385D-15H-6,52-53",1305.63,3.67,
"339-U1385D-15H-6,54-55",1305.7,3.64,
"339-U1385D-15H-6,55-56",1305.77,3.54,
"339-U1385D-15H-6,5-6",1303.06,3.48,
"339-U1385D-15H-6,56-57",1305.83,3.36,
"339-U1385D-15H-6,57-58",1305.83,3.63,
"339-U1385D-15H-6,59-60",1305.96,2.92,
"339-U1385D-15H-6,60-61",1305.96,3.37,
"339-U1385D-15H-6,60-61",1305.96,,1.168
"339-U1385D-15H-6,60-61",1305.96,,1.071
"339-U1385D-15H-6,61-62",1306.03,3.24,
"339-U1385D-15H-6,62-63",1306.1,3.1,
"339-U1385D-15H-6,65-66",1306.23,3.59,
"339-U1385D-15H-6,6-7",1303.13,3.71,
"339-U1385D-15H-6,67-68",1306.36,3.53,
"339-U1385D-15H-6,70-71",1306.49,3.32,
"339-U1385D-15H-6,71-72",1306.49,3.39,
"339-U1385D-15H-6,72-73",1306.56,3.69,
"339-U1385D-15H-6,73-74",1306.62,2.8,
"339-U1385D-15H-6,74-75",1306.69,3.55,
"339-U1385D-15H-6,77-78",1306.82,3.67,
"339-U1385D-15H-6,7-8",1303.19,3.55,
"339-U1385D-15H-6,78-79",1306.82,3.71,
"339-U1385D-15H-6,79-80",1306.89,3.32,
"339-U1385D-15H-6,80-81",1306.95,3.56,
"339-U1385D-15H-6,80-81",1306.89,,1.007
"339-U1385D-15H-6,9-10",1303.33,3.6,
"339-U1385E-16H-5,100-101",1309.26,3.24,
"339-U1385E-16H-5,100-101",1309.26,,1.087
"339-U1385E-16H-5,101-102",1309.33,3.28,
"339-U1385E-16H-5,102-103",1309.39,3.13,
"339-U1385E-16H-5,103-104",1309.46,2.94,
"339-U1385E-16H-5,104-105",1309.46,3.32,
"339-U1385E-16H-5,106-107",1309.59,3.27,
"339-U1385E-16H-5,107-108",1309.66,3.23,
"339-U1385E-16H-5,108-109",1309.72,3.05,
"339-U1385E-16H-5,109-110",1309.79,3.03,
"339-U1385E-16H-5,110-111",1309.79,3.19,
"339-U1385E-16H-5,111-112",1309.85,3.27,
"339-U1385E-16H-5,112-113",1309.92,2.93,
"339-U1385E-16H-5,113-114",1309.99,3.16,
"339-U1385E-16H-5,114-115",1310.05,2.85,
"339-U1385E-16H-5,115-116",1310.12,2.9,
"339-U1385E-16H-5,116-117",1310.18,2.96,
"339-U1385E-16H-5,118-119",1310.25,3.22,
"339-U1385E-16H-5,119-120",1310.31,3.03,
"339-U1385E-16H-5,120-121",1310.38,3.18,
"339-U1385E-16H-5,120-121",1310.38,,1.287
"339-U1385E-16H-5,121-122",1310.45,2.95,
"339-U1385E-16H-5,122-123",1310.51,2.95,
"339-U1385E-16H-5,123-124",1310.58,3.03,
"339-U1385E-16H-5,124-125",1310.58,3.08,
"339-U1385E-16H-5,125-126",1310.64,3.07,
"339-U1385E-16H-5,127-128",1310.78,2.81,
"339-U1385E-16H-5,128-129",1310.84,2.93,
"339-U1385E-16H-5,129-130",1310.91,3.01,
"339-U1385E-16H-5,130-131",1310.97,2.73,
"339-U1385E-16H-5,131-132",1310.97,2.88,
"339-U1385E-16H-5,133-134",1311.11,3,
"339-U1385E-16H-5,134-135",1311.17,2.86,
"339-U1385E-16H-5,135-136",1311.24,2.64,
"339-U1385E-16H-5,136-137",1311.3,2.91,
"339-U1385E-16H-5,138-139",1311.37,2.51,
"339-U1385E-16H-5,139-140",1311.44,3.02,
"339-U1385E-16H-5,140-141",1311.5,3.15,
"339-U1385E-16H-5,140-141",1311.5,,1.526
"339-U1385E-16H-5,141-142",1311.57,3.01,
"339-U1385E-16H-5,142-143",1311.63,3.12,
"339-U1385E-16H-5,145-146",1311.77,2.89,
"339-U1385E-16H-5,146-147",1311.83,3.16,
"339-U1385E-16H-5,148-149",1311.96,3.21,
"339-U1385E-16H-5,149-150",1312.09,3.44,
"339-U1385E-16H-5,150-151",1312.16,3.23,
"339-U1385E-16H-5,59-60",1306.95,3.91,
"339-U1385E-16H-5,60-61",1307.02,3.79,
"339-U1385E-16H-5,60-61",1307.02,,1.018
"339-U1385E-16H-5,61-62",1307.08,3.58,
"339-U1385E-16H-5,62-63",1307.15,3.35,
"339-U1385E-16H-5,63-64",1307.15,3.35,
"339-U1385E-16H-5,64-65",1307.22,3.24,
"339-U1385E-16H-5,65-66",1307.28,3.46,
"339-U1385E-16H-5,66-67",1307.35,3.35,
"339-U1385E-16H-5,67-68",1307.41,3.56,
"339-U1385E-16H-5,68-69",1307.48,3.45,
"339-U1385E-16H-5,69-70",1307.55,3.38,
"339-U1385E-16H-5,70-71",1307.55,3.41,
"339-U1385E-16H-5,72-73",1307.68,3.5,
"339-U1385E-16H-5,73-74",1307.74,3.23,
"339-U1385E-16H-5,74-75",1307.81,3.62,
"339-U1385E-16H-5,75-76",1307.88,3.59,
"339-U1385E-16H-5,76-77",1307.94,3.28,
"339-U1385E-16H-5,77-78",1307.94,3.47,
"339-U1385E-16H-5,78-79",1308.01,3.47,
"339-U1385E-16H-5,79-80",1308.07,3.55,
"339-U1385E-16H-5,80-81",1308.14,3.49,
"339-U1385E-16H-5,80-81",1308.14,,1.159
"339-U1385E-16H-5,81-82",1308.21,3.41,
"339-U1385E-16H-5,82-83",1308.27,3.48,
"339-U1385E-16H-5,83-84",1308.34,3.35,
"339-U1385E-16H-5,84-85",1308.34,3.4,
"339-U1385E-16H-5,85-86",1308.4,3.45,
"339-U1385E-16H-5,86-87",1308.47,3.46,
"339-U1385E-16H-5,87-88",1308.53,3.41,
"339-U1385E-16H-5,88-89",1308.6,3.37,
"339-U1385E-16H-5,89-90",1308.67,3.28,
"339-U1385E-16H-5,90-91",1308.67,3.29,
"339-U1385E-16H-5,91-92",1308.73,3.26,
"339-U1385E-16H-5,92-93",1308.8,3.03,
"339-U1385E-16H-5,93-94",1308.86,3.28,
"339-U1385E-16H-5,94-95",1308.93,3.38,
"339-U1385E-16H-5,95-96",1309,3.17,
"339-U1385E-16H-5,96-97",1309.06,3.3,
"339-U1385E-16H-5,97-98",1309.06,3.34,
"339-U1385E-16H-5,98-99",1309.13,3.32,
"339-U1385E-16H-5,99-100",1309.19,3.23,
"339-U1385E-16H-6,0-1",1312.36,3.56,
"339-U1385E-16H-6,0-1",1312.36,,1.235
"339-U1385E-16H-6,10-11",1313.28,3.26,
"339-U1385E-16H-6,11-12",1313.35,3.16,
"339-U1385E-16H-6,1-2",1312.42,3.3,
"339-U1385E-16H-6,12-13",1313.48,3.29,
"339-U1385E-16H-6,13-14",1313.55,3.16,
"339-U1385E-16H-6,14-15",1313.61,3.14,
"339-U1385E-16H-6,15-16",1313.74,3.14,
"339-U1385E-16H-6,16-17",1313.81,3.21,
"339-U1385E-16H-6,17-18",1313.94,3.27,
"339-U1385E-16H-6,18-19",1314.01,2.94,
"339-U1385E-16H-6,19-20",1314.07,3.28,
"339-U1385E-16H-6,20-21",1314.14,3.11,
"339-U1385E-16H-6,20-21",1314.14,,1.198
"339-U1385E-16H-6,21-22",1314.14,3.32,
"339-U1385E-16H-6,22-23",1314.2,3.27,
"339-U1385E-16H-6,2-3",1312.56,3.27,
"339-U1385E-16H-6,23-24",1314.27,3.26,
"339-U1385E-16H-6,24-25",1314.34,3.24,
"339-U1385E-16H-6,25-26",1314.34,3.28,
"339-U1385E-16H-6,26-27",1314.4,3.25,
"339-U1385E-16H-6,27-28",1314.47,3.27,
"339-U1385E-16H-6,28-29",1314.53,3.16,
"339-U1385E-16H-6,29-30",1314.6,3.18,
"339-U1385E-16H-6,30-31",1314.6,3.22,
"339-U1385E-16H-6,32-33",1314.73,3.01,
"339-U1385E-16H-6,33-34",1314.79,2.89,
"339-U1385E-16H-6,3-4",1312.62,3.22,
"339-U1385E-16H-6,34-35",1314.86,3.11,
"339-U1385E-16H-6,36-37",1314.92,3.31,
"339-U1385E-16H-6,37-38",1314.99,2.88,
"339-U1385E-16H-6,38-39",1315.05,3.05,
"339-U1385E-16H-6,39-40",1315.05,3.14,
"339-U1385E-16H-6,40-41",1315.12,3.06,
"339-U1385E-16H-6,40-41",1315.12,,1.178
"339-U1385E-16H-6,42-43",1315.25,3.02,
"339-U1385E-16H-6,43-44",1315.31,3.19,
"339-U1385E-16H-6,44-45",1315.31,3.25,
"339-U1385E-16H-6,4-5",1312.75,3.08,
"339-U1385E-16H-6,45-46",1315.37,3.02,
"339-U1385E-16H-6,47-48",1315.5,3.07,
"339-U1385E-16H-6,48-49",1315.57,2.91,
"339-U1385E-16H-6,49-50",1315.57,3,
"339-U1385E-16H-6,50-51",1315.63,3.12,
"339-U1385E-16H-6,51-52",1315.7,3.07,
"339-U1385E-16H-6,52-53",1315.76,2.92,
"339-U1385E-16H-6,53-54",1315.76,2.94,
"339-U1385E-16H-6,54-55",1315.83,2.89,
"339-U1385E-16H-6,55-56",1315.89,2.89,
"339-U1385E-16H-6,5-6",1312.82,3.36,
"339-U1385E-16H-6,56-57",1315.95,2.97,
"339-U1385E-16H-6,57-58",1316.02,2.82,
"339-U1385E-16H-6,59-60",1316.08,2.78,
"339-U1385E-16H-6,60-61",1316.15,3,
"339-U1385E-16H-6,60-61",1316.15,,1.334
"339-U1385E-16H-6,62-63",1316.28,3.01,
"339-U1385E-16H-6,63-64",1316.28,3.09,
"339-U1385E-16H-6,64-65",1316.34,3.13,
"339-U1385E-16H-6,65-66",1316.41,2.95,
"339-U1385E-16H-6,66-67",1316.47,2.66,
"339-U1385E-16H-6,6-7",1312.89,3.33,
"339-U1385E-16H-6,67-68",1316.47,2.84,
"339-U1385E-16H-6,68-69",1316.54,2.86,
"339-U1385E-16H-6,69-70",1316.6,2.76,
"339-U1385E-16H-6,70-71",1316.66,2.75,
"339-U1385E-16H-6,71-72",1316.73,2.79,
"339-U1385E-16H-6,72-73",1316.73,2.9,
"339-U1385E-16H-6,73-74",1316.79,2.76,
"339-U1385E-16H-6,75-76",1316.92,2.77,
"339-U1385E-16H-6,76-77",1316.92,3.03,
"339-U1385E-16H-6,77-78",1316.99,2.61,
"339-U1385E-16H-6,7-8",1313.02,2.84,
"339-U1385E-16H-6,79-80",1317.12,2.89,
"339-U1385E-16H-6,80-81",1317.18,2.93,
"339-U1385E-16H-6,80-81",1317.18,,1.467
"339-U1385E-16H-6,8-9",1313.08,3.25,
"339-U1385E-16H-6,9-10",1313.15,3.15,
